C,K,C,R,O,D,S,A,S,U,I,N,C,X,V,M,H,C,H,J,J,J,S,V,N
B,C,R,I,P,C,C,S,E,U,S,I,M,S,W,A,P,P,I,N,G,C,K,J,R
P,Z,I,X,R,M,A,A,M,L,V,Y,V,V,K,A,Z,X,C,I,A,C,F,X,Z
G,G,T,X,W,J,M,S,E,M,X,C,G,J,O,Y,M,T,D,M,R,X,F,V,E
T,R,I,C,L,H,S,C,M,H,O,F,X,A,Y,Z,H,U,A,Y,L,R,S,H,F
G,E,C,Y,E,Y,Y,M,A,L,W,A,R,E,S,R,J,T,I,T,T,O,A,R,E
R,G,A,T,R,O,M,Y,Z,R,W,V,N,J,A,H,H,Q,V,U,F,C,Q,S,S
E,A,L,I,A,L,F,J,P,I,X,N,T,M,O,O,O,E,Y,T,K,G,G,O,N
K,N,C,R,W,D,Y,S,L,H,G,W,M,P,N,N,J,S,W,E,Q,S,D,C,O
C,A,O,U,M,T,W,S,E,Z,L,D,O,J,L,S,F,A,R,O,A,G,K,T,P
A,M,N,C,O,Y,B,I,N,A,R,Y,W,I,U,N,R,R,W,N,S,U,E,E,S
T,D,T,E,S,U,M,H,C,B,G,T,N,J,W,E,I,H,B,J,J,M,E,A,E
T,R,R,S,N,P,D,W,P,B,B,E,C,P,U,Z,P,P,Q,S,G,N,W,M,R
A,O,O,R,A,B,B,H,G,Z,S,P,N,P,E,C,J,S,C,P,P,E,T,B,T
Z,W,L,E,R,D,I,N,D,E,A,Y,D,V,I,W,S,S,Q,U,L,E,R,Z,N
N,S,S,B,A,P,I,M,C,T,L,A,G,J,P,F,L,A,N,K,G,R,A,O,E
C,S,O,Y,C,H,S,U,C,N,T,M,Z,Q,Y,A,T,P,D,C,X,G,M,I,D
A,A,C,C,S,T,R,H,K,E,U,J,S,H,G,D,S,N,G,A,Y,K,S,I,I
M,P,N,I,Z,I,I,A,S,P,H,P,A,J,Z,S,E,S,Q,B,V,N,R,X,C
J,X,H,I,T,N,K,H,B,P,F,L,T,J,R,I,K,K,W,G,E,A,E,Y,N
R,P,D,Y,G,C,O,A,G,D,A,T,A,B,R,E,A,C,H,O,Z,R,B,D,I
N,L,X,C,Y,B,E,R,A,T,T,A,C,K,R,I,E,B,P,Y,R,F,Y,K,E
M,K,U,D,G,W,Q,D,K,I,F,K,N,A,B,I,W,I,K,M,E,D,C,K,L
R,E,C,O,V,E,R,Y,R,O,O,M,S,C,A,M,A,N,M,G,P,W,S,R,V
T,W,O,F,A,C,T,O,R,A,U,T,H,E,N,T,I,C,A,T,I,O,N,R,M
